{
  "viewport": "1440x900 (simulated)",
  "mainColumn": {
    "width": "800px (estimated)",
    "notes": [
      "Responsive design should be verified on mobile"
    ]
  },
  "spacing": {
    "cardGutter": "16px (estimated)",
    "verticalRhythm": "24px (estimated)",
    "notes": [
      "Spacing appears consistent with Tailwind defaults"
    ]
  },
  "alignment": {
    "assistantCards": "Left aligned, good spacing",
    "userBubbles": "Right aligned",
    "stageRail": "Right side, fixed position"
  },
  "issues": [
    "Mobile responsiveness needs verification",
    "Focus styles should be confirmed in browser"
  ]
}