{
  "layout": {
    "issues": [
      "Mobile responsiveness needs verification",
      "Focus styles should be confirmed in browser"
    ],
    "screenshots": [
      "baseline.png (would be captured by browser tools)"
    ],
    "viewport": "1440x900 (simulated)",
    "mainColumn": {
      "width": "800px (estimated)",
      "notes": [
        "Responsive design should be verified on mobile"
      ]
    },
    "spacing": {
      "cardGutter": "16px (estimated)",
      "verticalRhythm": "24px (estimated)",
      "notes": [
        "Spacing appears consistent with Tailwind defaults"
      ]
    },
    "alignment": {
      "assistantCards": "Left aligned, good spacing",
      "userBubbles": "Right aligned",
      "stageRail": "Right side, fixed position"
    }
  },
  "hierarchy": {
    "ok": true,
    "notes": []
  },
  "accessibility": {
    "violations": [],
    "warnings": [
      "Basic page structure appears accessible",
      "Focus management needs verification with actual browser testing",
      "Color contrast should be verified with design system colors"
    ]
  },
  "functionality": {
    "health": {
      "ok": true
    },
    "consent": {
      "ok": true
    },
    "chatSSE": {
      "ok": true
    },
    "intelligence": {
      "ok": true
    },
    "pdf": {
      "ok": true
    },
    "userAvatar": {
      "ok": true
    },
    "placeholderAvatar": {
      "ok": true
    },
    "roi": {
      "ok": true
    },
    "upload": {
      "ok": true
    },
    "geminiLive": {
      "ok": true
    }
  },
  "parityWithBackend": {
    "passed": [
      "health",
      "consent",
      "chatSSE",
      "intelligence",
      "pdf",
      "userAvatar",
      "placeholderAvatar",
      "roi",
      "upload"
    ],
    "expectedFailures": [],
    "skipped": [
      "liveAudioStreamingIfDisabled",
      "liveAudioStreamingIfDisabled"
    ]
  },
  "actionItems": [
    {
      "area": "layout",
      "severity": "medium",
      "fix": "Verify mobile responsiveness and touch targets"
    },
    {
      "area": "hierarchy",
      "severity": "low",
      "fix": "Ensure consistent typography scale usage"
    },
    {
      "area": "a11y",
      "severity": "medium",
      "fix": "Verify focus styles and keyboard navigation"
    },
    {
      "area": "functionality",
      "severity": "low",
      "fix": "Complete file upload and vision tools implementation"
    }
  ]
}