{
  "status": 200,
  "endpointInfo": {
    "message": "Upload endpoint is working",
    "maxFileSize": "10MB",
    "allowedTypes": [
      "image/jpeg",
      "image/png",
      "image/gif",
      "image/webp",
      "image/svg+xml",
      "video/mp4",
      "video/webm",
      "audio/mpeg",
      "audio/wav",
      "audio/ogg",
      "application/pdf",
      "text/plain",
      "application/json",
      "application/xml"
    ]
  },
  "note": "Upload endpoint accessible but POST test requires multipart form data"
}