{
  "timestamp": "2025-08-26T10:56:05.197Z",
  "expectedStages": [
    "GREETING",
    "NAME_COLLECTION",
    "EMAIL_CAPTURE",
    "BACKGROUND_RESEARCH",
    "PROBLEM_DISCOVERY",
    "SOLUTION_PRESENTATION",
    "CALL_TO_ACTION"
  ],
  "expectedLabels": [
    "Discovery & Setup",
    "Identity",
    "Consent & Context",
    "Research",
    "Requirements",
    "Solution",
    "Next Step"
  ],
  "stageImplementation": {
    "source": "Hardcoded in chat page component",
    "totalStages": 7,
    "progression": "Manual state management",
    "visualComponent": "VerticalProcessChain"
  },
  "accessibility": {
    "ariaCurrent": "Should be implemented on current stage",
    "tooltips": "Present via ActivityTooltip component",
    "keyboardNavigation": "Needs verification"
  },
  "recommendations": [
    "Consider moving stage definitions to a centralized configuration",
    "Add aria-current=\"step\" to current stage for screen readers",
    "Verify keyboard navigation through stage rail",
    "Consider adding stage progression API endpoint",
    "Add visual progress indicator between stages"
  ],
  "stageProgression": {
    "initialStage": "GREETING",
    "consentRequired": "EMAIL_CAPTURE includes consent logic",
    "researchStage": "BACKGROUND_RESEARCH",
    "problemStage": "PROBLEM_DISCOVERY",
    "solutionStage": "SOLUTION_PRESENTATION",
    "finalStage": "CALL_TO_ACTION"
  }
}